{
  "cotovelo": {
    "media": 115.8006776619999,
    "desvio_padrao": 25.550633257030846
  },
  "joelho": {
    "media": 133.8232829612507,
    "desvio_padrao": 20.609277711444154
  },
  "punho": {
    "media": 0.18315995199774532,
    "desvio_padrao": 0.03487989559056365
  },
  "tronco": {
    "media": 167.0724555967865,
    "desvio_padrao": 8.304249109038604
  }
}